{"cameraMode":{"drawMode":0,"name":"Shaded","section":"Shading Mode"},"sceneLighting":true,"audioPlay":false,"sceneViewState":{"showFog":true,"showMaterialUpdate":false,"showSkybox":true,"showFlares":true,"showImageEffects":true,"showParticleSystems":true},"in2DMode":false,"pivot":{"x":-7.010000228881836,"y":1.2273446321487427,"z":-3.9700000286102297},"rotation":{"x":-0.2024480253458023,"y":0.168840691447258,"z":-0.03546067327260971,"w":-0.963976263999939},"size":58.81561279296875,"orthographic":false}