{"cameraMode":{"drawMode":0,"name":"Shaded","section":"Shading Mode"},"sceneLighting":false,"audioPlay":false,"sceneViewState":{"showFog":true,"showMaterialUpdate":false,"showSkybox":true,"showFlares":true,"showImageEffects":true,"showParticleSystems":true},"in2DMode":false,"pivot":{"x":0.22667145729064942,"y":0.05000000074505806,"z":-7.543193817138672},"rotation":{"x":-0.2206318974494934,"y":0.6319442987442017,"z":-0.1944458782672882,"w":-0.7170486450195313},"size":7.000357151031494,"orthographic":false}