{"cameraMode":{"drawMode":0,"name":"Shaded","section":"Shading Mode"},"sceneLighting":false,"audioPlay":false,"sceneViewState":{"showFog":true,"showMaterialUpdate":false,"showSkybox":true,"showFlares":true,"showImageEffects":true,"showParticleSystems":true},"in2DMode":false,"pivot":{"x":-0.19779792428016663,"y":1.5865298509597779,"z":0.8007522821426392},"rotation":{"x":0.021626358851790429,"y":0.7266088128089905,"z":0.022895479574799539,"w":-0.6863291263580322},"size":0.6663597226142883,"orthographic":false}