{"cameraMode":{"drawMode":0,"name":"Shaded","section":"Shading Mode"},"sceneLighting":true,"audioPlay":false,"sceneViewState":{"showFog":true,"showMaterialUpdate":false,"showSkybox":true,"showFlares":true,"showImageEffects":true,"showParticleSystems":true},"in2DMode":false,"pivot":{"x":22.958770751953126,"y":1.608860969543457,"z":7.350608825683594},"rotation":{"x":-0.3294341266155243,"y":0.09550731629133225,"z":-0.03351856395602226,"w":-0.9387374520301819},"size":89.9795913696289,"orthographic":false}