{"cameraMode":{"drawMode":0,"name":"Shaded","section":"Shading Mode"},"sceneLighting":false,"audioPlay":false,"sceneViewState":{"showFog":true,"showMaterialUpdate":false,"showSkybox":true,"showFlares":true,"showImageEffects":true,"showParticleSystems":true},"in2DMode":false,"pivot":{"x":-3.247056007385254,"y":1.889689564704895,"z":0.6099303960800171},"rotation":{"x":0.021626358851790429,"y":0.7266088128089905,"z":0.022895479574799539,"w":-0.6863291263580322},"size":3.5443849563598635,"orthographic":false}